{
  "train_losses": [
    0.09732164705427969,
    0.08837019974871879,
    0.08647386599363972,
    0.08571109209496416,
    0.08549793245964935,
    0.08495824506769774,
    0.08485521965992943,
    0.0847384713199458,
    0.08473019233870657,
    0.08471759883272079,
    0.08470918770060208,
    0.08438256553141975,
    0.08449584092666552,
    0.08439898856989468,
    0.08391756748953597,
    0.08384684884585877,
    0.0838815377233457,
    0.08382367108869478,
    0.0838773868670629,
    0.08382894642454096,
    0.08385289562920543,
    0.08357800264466268,
    0.08364906931217021,
    0.08385290082529094,
    0.08392810629853577,
    0.08369843787527081,
    0.08370982102742279,
    0.08380558384745729,
    0.08373442352376861,
    0.08355440532360049,
    0.08378479953627398,
    0.08345757884264204,
    0.08341990388685329,
    0.08331560567095524,
    0.08339047054551653,
    0.08334581855079416,
    0.08335879028020048,
    0.08343191298609019,
    0.08324719274835546,
    0.0833525059238489,
    0.0833774176594103,
    0.08343787715301004,
    0.08324266989050315,
    0.08326810967982826,
    0.08332416544621066,
    0.08329936196461263,
    0.08323662854793443,
    0.08306920192842546,
    0.08311327255111885,
    0.08311134120230931,
    0.08311976485961667,
    0.08303957134883921,
    0.08315511169408553,
    0.08307789681524319,
    0.08308579744451114,
    0.08315150662297166,
    0.08312306878225668,
    0.08294296250192634,
    0.0830021018673385,
    0.08299204614040796,
    0.08296771050212862,
    0.08300144918042442,
    0.08297601189008848,
    0.08297638226481237,
    0.08304877766062953,
    0.08290801423825553,
    0.08291091546329817,
    0.08295273447341905,
    0.08285247127598211,
    0.08293458142076272,
    0.08293435235720614,
    0.08294256679042487,
    0.0828505735293012,
    0.0829436624752009,
    0.08290010733462039,
    0.08291479772298044,
    0.08290045647246833,
    0.08291664061352082,
    0.08291177517609119,
    0.08281721062429316
  ],
  "val_losses": [
    0.0865870037580239,
    0.08342138998159598,
    0.07209190952048028,
    0.08143525686771755,
    0.0810859756029144,
    0.07438377149843277,
    0.07235249840665672,
    0.0723201598874633,
    0.0725709207601387,
    0.07213079470236088,
    0.07692286997302464,
    0.0762147307324732,
    0.07305530831303976,
    0.07523996023930524,
    0.0730039826782997,
    0.07266703411302383,
    0.07242140715955325,
    0.07227795402985833,
    0.07278092688274454,
    0.07158823996199652,
    0.0721602773701466,
    0.07204323371226562,
    0.07259701096820091,
    0.07260666175802134,
    0.07177896526970635,
    0.07335069713136641,
    0.07586847491870423,
    0.07263914343019211,
    0.07226989864548224,
    0.0746108121069422,
    0.0720498892761541,
    0.07360589022419489,
    0.07312384730443645,
    0.07219050818498926,
    0.07137566704521553,
    0.07201571943535579,
    0.07359496567822207,
    0.07139035061621084,
    0.07242080765034037,
    0.07386291136054396,
    0.07236191968999224,
    0.07167806057910804,
    0.07164420035472437,
    0.07210137279274058,
    0.07315560408014225,
    0.07274179268411621,
    0.07220604322345961,
    0.07194359433568133,
    0.07232748696577208,
    0.07208290269800927,
    0.07225444138920992,
    0.07151615262941932,
    0.07139399962896176,
    0.07230083463052328,
    0.07239437583208495,
    0.07234950849055341,
    0.07200868347926255,
    0.07258524413842446,
    0.07196893847728321,
    0.07253867382519187,
    0.07154302643760181,
    0.07235664803581619,
    0.07269317360793598,
    0.07199337133906324,
    0.07148137775252206,
    0.07187709056675098,
    0.07181362161211423,
    0.07155792099581822,
    0.07157337698710366,
    0.07169361439627021,
    0.072092303483244,
    0.07137041152857865,
    0.07175144885756837,
    0.07159329978741492,
    0.07188223344524193,
    0.0720066049792247,
    0.07176969375139362,
    0.07154724870261021,
    0.07186244020378497,
    0.07159819195816652
  ],
  "train_accuracies": [
    26.7479041798879,
    31.301008082944797,
    32.68483697000552,
    33.384014964547305,
    33.97146485420677,
    34.17043718415786,
    34.530513443282246,
    34.669745106488406,
    34.6069031483004,
    34.772822240503466,
    35.06622073360243,
    35.10816978101631,
    35.2218565962836,
    35.21304239955074,
    36.11543659654488,
    36.10662239981202,
    36.253444065760306,
    36.17313693997192,
    36.349828939292735,
    36.32689570520079,
    36.17199435891415,
    36.180890168579474,
    36.29065956307687,
    36.353827972996086,
    36.298902469280755,
    36.36460088011374,
    36.349584100494944,
    36.519828678131596,
    36.38092346665623,
    36.46849414345582,
    36.65612227576023,
    37.000284013005945,
    37.025910473877346,
    37.03578563873537,
    37.06851242475274,
    37.09552630548046,
    37.10662566432923,
    37.10670727726185,
    37.09275146576821,
    37.12784502683414,
    37.114052441205864,
    37.23883861532236,
    37.1794244003082,
    37.2171295752211,
    37.1679985897284,
    37.17901633564467,
    37.47780128230241,
    37.43405675036893,
    37.48824773768942,
    37.42434481137632,
    37.47314934513783,
    37.48171870307235,
    37.48898225408377,
    37.48408547812119,
    37.49461354644112,
    37.49942870947098,
    37.51542484428233,
    37.577940350739865,
    37.630988757002406,
    37.62707133623209,
    37.651555216045736,
    37.63710972695582,
    37.63368198378187,
    37.65751296013361,
    37.665102962875785,
    37.61213616954597,
    37.71186717331977,
    37.67889554850417,
    37.71186717331966,
    37.74687912145295,
    37.721334273514294,
    37.752020736213886,
    37.73047492197785,
    37.77226074352625,
    37.75038847755992,
    37.729495566785396,
    37.74859299303997,
    37.77405622804618,
    37.77748397121995,
    37.810945273631965
  ],